rule,entropy,variance
4,1.65612,0.000000
30,2.98369,0.000196
54,2.90815,0.003417
90,2.98563,0.000108
110,2.90704,0.000426
184,1.33677,0.000000
